League Name,Match Date,Home Team,Away Team,Score
LaLiga2,,,,
LaLiga2,Sat9/2/00,Albacete,CD Tenerife,1:0
LaLiga2,,Getafe,Córdoba CF,0:0
LaLiga2,,UE Lleida,SD Eibar,0:0
LaLiga2,Sun9/3/00,SD Compostela,Real Betis,0:0
LaLiga2,,CD Leganés,Extremadura,1:1
LaLiga2,,Levante,Atlético Madrid,4:1
LaLiga2,,Real Jaén CF,Racing Ferrol,1:0
LaLiga2,,Elche CF,UD Salamanca,2:0
LaLiga2,,Sporting Gijón,Uni. Las Palmas,0:0
LaLiga2,,Recr. Huelva,CD Badajoz,0:0
LaLiga2,,Sevilla FC,Real Murcia,2:1
LaLiga2,,,,
LaLiga2,Sat9/9/00,Atlético Madrid,Recr. Huelva,0:1
LaLiga2,,Uni. Las Palmas,Getafe,0:1
LaLiga2,Sun9/10/00,CD Tenerife,Sporting Gijón,1:0
LaLiga2,,Real Betis,Elche CF,1:2
LaLiga2,,SD Eibar,CD Leganés,0:1
LaLiga2,,CD Badajoz,Real Jaén CF,0:1
LaLiga2,,Real Murcia,UE Lleida,0:0
LaLiga2,,UD Salamanca,Sevilla FC,0:1
LaLiga2,,Extremadura,Albacete,1:1
LaLiga2,,Córdoba CF,Levante,1:1
LaLiga2,,Racing Ferrol,SD Compostela,1:3
LaLiga2,,,,
LaLiga2,Sat9/16/00,Albacete,SD Eibar,1:3
LaLiga2,,Elche CF,Sevilla FC,1:2
LaLiga2,Sun9/17/00,Getafe,CD Tenerife,0:5
LaLiga2,,Real Betis,Racing Ferrol,2:1
LaLiga2,,UE Lleida,UD Salamanca,0:3
LaLiga2,,CD Leganés,Real Murcia,3:2
LaLiga2,,Levante,Uni. Las Palmas,2:0
LaLiga2,,Real Jaén CF,Atlético Madrid,1:0
LaLiga2,,Sporting Gijón,Extremadura,2:0
LaLiga2,,Recr. Huelva,Córdoba CF,1:0
LaLiga2,,SD Compostela,CD Badajoz,0:1
LaLiga2,,,,
LaLiga2,Sat9/23/00,CD Tenerife,Levante,1:1
LaLiga2,,Atlético Madrid,SD Compostela,2:0
LaLiga2,,Córdoba CF,Real Jaén CF,1:0
LaLiga2,,Uni. Las Palmas,Recr. Huelva,0:0
LaLiga2,,Racing Ferrol,Elche CF,2:1
LaLiga2,Sun9/24/00,Sevilla FC,UE Lleida,2:0
LaLiga2,,CD Badajoz,Real Betis,0:0
LaLiga2,,SD Eibar,Sporting Gijón,0:0
LaLiga2,,Real Murcia,Albacete,2:0
LaLiga2,,UD Salamanca,CD Leganés,1:1
LaLiga2,,Extremadura,Getafe,1:0
LaLiga2,,,,
LaLiga2,Sat9/30/00,Recr. Huelva,CD Tenerife,0:0
LaLiga2,,CD Leganés,Sevilla FC,1:1
LaLiga2,,Elche CF,UE Lleida,2:1
LaLiga2,,Racing Ferrol,CD Badajoz,2:2
LaLiga2,Sun10/1/00,Real Betis,Atlético Madrid,1:1
LaLiga2,,SD Compostela,Córdoba CF,0:1
LaLiga2,,Getafe,SD Eibar,0:0
LaLiga2,,Levante,Extremadura,1:0
LaLiga2,,Albacete,UD Salamanca,1:0
LaLiga2,,Real Jaén CF,Uni. Las Palmas,1:0
LaLiga2,,Sporting Gijón,Real Murcia,2:2
LaLiga2,,,,
LaLiga2,Sat10/7/00,Córdoba CF,Real Betis,1:0
LaLiga2,,SD Eibar,Levante,0:0
LaLiga2,Sun10/8/00,CD Tenerife,Real Jaén CF,1:1
LaLiga2,,Sevilla FC,Albacete,1:0
LaLiga2,,Atlético Madrid,Racing Ferrol,1:1
LaLiga2,,UE Lleida,CD Leganés,1:0
LaLiga2,,Uni. Las Palmas,SD Compostela,1:1
LaLiga2,,Extremadura,Recr. Huelva,1:1
LaLiga2,,UD Salamanca,Sporting Gijón,2:1
LaLiga2,,Real Murcia,Getafe,2:1
LaLiga2,,CD Badajoz,Elche CF,1:1
LaLiga2,,,,
LaLiga2,Sat10/14/00,Real Betis,Uni. Las Palmas,2:0
LaLiga2,,CD Badajoz,Atlético Madrid,0:0
LaLiga2,Sun10/15/00,SD Compostela,CD Tenerife,0:2
LaLiga2,,Sporting Gijón,Sevilla FC,3:0
LaLiga2,,Albacete,UE Lleida,2:1
LaLiga2,,Getafe,UD Salamanca,1:2
LaLiga2,,Real Jaén CF,Extremadura,0:0
LaLiga2,,Elche CF,CD Leganés,1:1
LaLiga2,,Recr. Huelva,SD Eibar,3:0
LaLiga2,,Racing Ferrol,Córdoba CF,0:2
LaLiga2,,Levante,Real Murcia,2:3
LaLiga2,,,,
LaLiga2,Sat10/21/00,CD Tenerife,Real Betis,0:1
LaLiga2,,Atlético Madrid,Elche CF,2:0
LaLiga2,,Uni. Las Palmas,Racing Ferrol,1:3
LaLiga2,Sun10/22/00,Sevilla FC,Getafe,1:1
LaLiga2,,UE Lleida,Sporting Gijón,0:1
LaLiga2,,SD Eibar,Real Jaén CF,1:0
LaLiga2,,CD Leganés,Albacete,0:0
LaLiga2,,Real Murcia,Recr. Huelva,2:0
LaLiga2,,UD Salamanca,Levante,1:1
LaLiga2,,Extremadura,SD Compostela,3:2
LaLiga2,,Córdoba CF,CD Badajoz,2:0
LaLiga2,,,,
LaLiga2,Sat10/28/00,Racing Ferrol,CD Tenerife,1:2
LaLiga2,,Levante,Sevilla FC,2:0
LaLiga2,,CD Badajoz,Uni. Las Palmas,3:1
LaLiga2,,SD Compostela,SD Eibar,2:1
LaLiga2,,Recr. Huelva,UD Salamanca,0:0
LaLiga2,Sun10/29/00,Real Betis,Extremadura,1:0
LaLiga2,,Atlético Madrid,Córdoba CF,1:1
LaLiga2,,Getafe,UE Lleida,2:1
LaLiga2,,Real Jaén CF,Real Murcia,2:1
LaLiga2,,Elche CF,Albacete,0:1
LaLiga2,,Sporting Gijón,CD Leganés,2:2
LaLiga2,,,,
LaLiga2,Wed11/1/00,CD Tenerife,CD Badajoz,3:0
LaLiga2,,Sevilla FC,Recr. Huelva,0:0
LaLiga2,,SD Eibar,Real Betis,0:0
LaLiga2,,Uni. Las Palmas,Atlético Madrid,2:1
LaLiga2,,UE Lleida,Levante,3:3
LaLiga2,,CD Leganés,Getafe,2:3
LaLiga2,,Real Murcia,SD Compostela,2:0
LaLiga2,,UD Salamanca,Real Jaén CF,1:0
LaLiga2,,Extremadura,Racing Ferrol,1:0
LaLiga2,,Albacete,Sporting Gijón,3:1
LaLiga2,,Córdoba CF,Elche CF,0:1
LaLiga2,,,,
LaLiga2,Sat11/4/00,Real Jaén CF,Sevilla FC,2:1
LaLiga2,Sun11/5/00,Atlético Madrid,CD Tenerife,1:2
LaLiga2,,Real Betis,Real Murcia,2:1
LaLiga2,,CD Badajoz,Extremadura,1:1
LaLiga2,,SD Compostela,UD Salamanca,2:1
LaLiga2,,Getafe,Albacete,1:1
LaLiga2,,Levante,CD Leganés,0:2
LaLiga2,,Elche CF,Sporting Gijón,2:2
LaLiga2,,Recr. Huelva,UE Lleida,1:1
LaLiga2,,Córdoba CF,Uni. Las Palmas,2:1
LaLiga2,,Racing Ferrol,SD Eibar,0:1
LaLiga2,,,,
LaLiga2,Sat11/11/00,Extremadura,Atlético Madrid,0:1
LaLiga2,,Uni. Las Palmas,Elche CF,2:2
LaLiga2,Sun11/12/00,CD Tenerife,Córdoba CF,3:0
LaLiga2,,Sevilla FC,SD Compostela,4:0
LaLiga2,,UD Salamanca,Real Betis,1:0
LaLiga2,,UE Lleida,Real Jaén CF,5:2
LaLiga2,,Albacete,Levante,1:1
LaLiga2,,Sporting Gijón,Getafe,3:1
LaLiga2,,SD Eibar,CD Badajoz,0:1
LaLiga2,,CD Leganés,Recr. Huelva,1:1
LaLiga2,,Real Murcia,Racing Ferrol,1:1
LaLiga2,,,,
LaLiga2,Sat11/18/00,Uni. Las Palmas,CD Tenerife,0:1
LaLiga2,,Atlético Madrid,SD Eibar,1:1
LaLiga2,,Recr. Huelva,Albacete,1:0
LaLiga2,Sun11/19/00,Real Betis,Sevilla FC,1:3
LaLiga2,,SD Compostela,UE Lleida,2:1
LaLiga2,,Córdoba CF,Extremadura,2:0
LaLiga2,,Elche CF,Getafe,1:4
LaLiga2,,Racing Ferrol,UD Salamanca,0:1
LaLiga2,,Real Jaén CF,CD Leganés,0:0
LaLiga2,,Levante,Sporting Gijón,1:1
LaLiga2,,CD Badajoz,Real Murcia,1:1
LaLiga2,,,,
LaLiga2,Sat11/25/00,UE Lleida,Real Betis,0:1
LaLiga2,,Extremadura,Uni. Las Palmas,2:1
LaLiga2,Sun11/26/00,CD Tenerife,Elche CF,3:1
LaLiga2,,Sevilla FC,Racing Ferrol,3:0
LaLiga2,,Real Murcia,Atlético Madrid,1:1
LaLiga2,,SD Eibar,Córdoba CF,3:0
LaLiga2,,Albacete,Real Jaén CF,2:1
LaLiga2,,Getafe,Levante,1:2
LaLiga2,,UD Salamanca,CD Badajoz,1:1
LaLiga2,,CD Leganés,SD Compostela,3:0
LaLiga2,,Sporting Gijón,Recr. Huelva,0:1
LaLiga2,,,,
LaLiga2,Sat12/2/00,Atlético Madrid,UD Salamanca,3:0
LaLiga2,,Racing Ferrol,UE Lleida,3:1
LaLiga2,,Recr. Huelva,Getafe,0:0
LaLiga2,,Elche CF,Levante,1:1
LaLiga2,,Uni. Las Palmas,SD Eibar,0:0
LaLiga2,Sun12/3/00,CD Tenerife,Extremadura,0:2
LaLiga2,,CD Badajoz,Sevilla FC,2:0
LaLiga2,,Real Betis,CD Leganés,2:1
LaLiga2,,Córdoba CF,Real Murcia,1:3
LaLiga2,,SD Compostela,Albacete,0:2
LaLiga2,,Real Jaén CF,Sporting Gijón,0:2
LaLiga2,,,,
LaLiga2,Sat12/9/00,SD Eibar,CD Tenerife,2:2
LaLiga2,,UE Lleida,CD Badajoz,1:1
LaLiga2,,UD Salamanca,Córdoba CF,1:1
LaLiga2,,Getafe,Real Jaén CF,0:1
LaLiga2,,Extremadura,Elche CF,1:2
LaLiga2,Sun12/10/00,Sevilla FC,Atlético Madrid,3:1
LaLiga2,,Albacete,Real Betis,0:0
LaLiga2,,Levante,Recr. Huelva,1:1
LaLiga2,,Sporting Gijón,SD Compostela,5:2
LaLiga2,,Real Murcia,Uni. Las Palmas,1:1
LaLiga2,,CD Leganés,Racing Ferrol,1:1
LaLiga2,,,,
LaLiga2,Sat12/16/00,CD Tenerife,Real Murcia,1:0
LaLiga2,,Real Jaén CF,Levante,0:1
LaLiga2,,Uni. Las Palmas,UD Salamanca,1:3
LaLiga2,Sun12/17/00,Córdoba CF,Sevilla FC,0:1
LaLiga2,,Real Betis,Sporting Gijón,1:0
LaLiga2,,Atlético Madrid,UE Lleida,3:2
LaLiga2,,SD Compostela,Getafe,1:1
LaLiga2,,Elche CF,Recr. Huelva,0:1
LaLiga2,,Extremadura,SD Eibar,2:0
LaLiga2,,CD Badajoz,CD Leganés,1:0
LaLiga2,Wed2/21/01,Racing Ferrol,Albacete,3:2
LaLiga2,,,,
LaLiga2,Wed12/20/00,UD Salamanca,CD Tenerife,3:1
LaLiga2,,Sevilla FC,Uni. Las Palmas,2:2
LaLiga2,,Getafe,Real Betis,0:2
LaLiga2,,UE Lleida,Córdoba CF,2:0
LaLiga2,,Albacete,CD Badajoz,1:1
LaLiga2,,Levante,SD Compostela,0:2
LaLiga2,,SD Eibar,Elche CF,2:1
LaLiga2,,Recr. Huelva,Real Jaén CF,2:0
LaLiga2,,Real Murcia,Extremadura,1:3
LaLiga2,,Sporting Gijón,Racing Ferrol,1:1
LaLiga2,Thu12/21/00,CD Leganés,Atlético Madrid,1:2
LaLiga2,,,,
LaLiga2,Sat1/6/01,Real Betis,Levante,1:0
LaLiga2,Sun1/7/01,CD Tenerife,Sevilla FC,1:2
LaLiga2,,Atlético Madrid,Albacete,0:0
LaLiga2,,Uni. Las Palmas,UE Lleida,0:0
LaLiga2,,Córdoba CF,CD Leganés,1:1
LaLiga2,,Racing Ferrol,Getafe,2:1
LaLiga2,,Elche CF,Real Jaén CF,0:0
LaLiga2,,CD Badajoz,Sporting Gijón,2:0
LaLiga2,,Extremadura,UD Salamanca,0:1
LaLiga2,,SD Compostela,Recr. Huelva,2:0
LaLiga2,,SD Eibar,Real Murcia,0:1
LaLiga2,,,,
LaLiga2,Sat1/13/01,UE Lleida,CD Tenerife,1:1
LaLiga2,,Sevilla FC,Extremadura,3:0
LaLiga2,Sun1/14/01,Recr. Huelva,Real Betis,1:1
LaLiga2,,Sporting Gijón,Atlético Madrid,1:0
LaLiga2,,Albacete,Córdoba CF,0:0
LaLiga2,,Getafe,CD Badajoz,2:1
LaLiga2,,Levante,Racing Ferrol,0:0
LaLiga2,,Elche CF,Real Murcia,1:1
LaLiga2,,CD Leganés,Uni. Las Palmas,1:1
LaLiga2,,Real Jaén CF,SD Compostela,1:1
LaLiga2,,UD Salamanca,SD Eibar,0:2
LaLiga2,,,,
LaLiga2,Sat1/20/01,SD Eibar,Sevilla FC,1:0
LaLiga2,,Atlético Madrid,Getafe,2:1
LaLiga2,,Uni. Las Palmas,Albacete,1:0
LaLiga2,,SD Compostela,Elche CF,1:1
LaLiga2,Sun1/21/01,CD Tenerife,CD Leganés,3:2
LaLiga2,,Real Betis,Real Jaén CF,1:0
LaLiga2,,Extremadura,UE Lleida,0:0
LaLiga2,,CD Badajoz,Levante,1:1
LaLiga2,,Racing Ferrol,Recr. Huelva,1:0
LaLiga2,,Real Murcia,UD Salamanca,1:2
LaLiga2,Wed2/21/01,Córdoba CF,Sporting Gijón,2:0
LaLiga2,,,,
LaLiga2,Sat1/27/01,Real Betis,SD Compostela,2:0
LaLiga2,,Atlético Madrid,Levante,1:1
LaLiga2,Sun1/28/01,CD Tenerife,Albacete,1:0
LaLiga2,,Real Murcia,Sevilla FC,1:1
LaLiga2,,SD Eibar,UE Lleida,2:0
LaLiga2,,Córdoba CF,Getafe,4:1
LaLiga2,,UD Salamanca,Elche CF,2:0
LaLiga2,,Uni. Las Palmas,Sporting Gijón,0:2
LaLiga2,,Racing Ferrol,Real Jaén CF,1:1
LaLiga2,,Extremadura,CD Leganés,0:3
LaLiga2,,CD Badajoz,Recr. Huelva,1:1
LaLiga2,,,,
LaLiga2,Sat2/3/01,Recr. Huelva,Atlético Madrid,1:1
LaLiga2,Sun2/4/01,Sporting Gijón,CD Tenerife,0:0
LaLiga2,,Sevilla FC,UD Salamanca,2:0
LaLiga2,,Elche CF,Real Betis,1:1
LaLiga2,,UE Lleida,Real Murcia,0:1
LaLiga2,,Levante,Córdoba CF,2:1
LaLiga2,,Albacete,Extremadura,2:1
LaLiga2,,Getafe,Uni. Las Palmas,0:0
LaLiga2,,SD Compostela,Racing Ferrol,0:5
LaLiga2,,Real Jaén CF,CD Badajoz,0:0
LaLiga2,,CD Leganés,SD Eibar,1:1
LaLiga2,,,,
LaLiga2,Sat2/10/01,Sevilla FC,Elche CF,1:1
LaLiga2,Sun2/11/01,CD Tenerife,Getafe,3:0
LaLiga2,,Racing Ferrol,Real Betis,0:1
LaLiga2,,Atlético Madrid,Real Jaén CF,5:0
LaLiga2,,UD Salamanca,UE Lleida,2:0
LaLiga2,,Córdoba CF,Recr. Huelva,1:3
LaLiga2,,SD Eibar,Albacete,0:0
LaLiga2,,Uni. Las Palmas,Levante,2:2
LaLiga2,,Extremadura,Sporting Gijón,1:2
LaLiga2,,CD Badajoz,SD Compostela,2:1
LaLiga2,,Real Murcia,CD Leganés,2:2
LaLiga2,,,,
LaLiga2,Sat2/17/01,SD Compostela,Atlético Madrid,2:3
LaLiga2,,Real Jaén CF,Córdoba CF,0:0
LaLiga2,,Recr. Huelva,Uni. Las Palmas,4:1
LaLiga2,Sun2/18/01,Levante,CD Tenerife,2:0
LaLiga2,,UE Lleida,Sevilla FC,0:1
LaLiga2,,Real Betis,CD Badajoz,1:1
LaLiga2,,Albacete,Real Murcia,2:1
LaLiga2,,Getafe,Extremadura,0:1
LaLiga2,,Elche CF,Racing Ferrol,2:0
LaLiga2,,Sporting Gijón,SD Eibar,0:0
LaLiga2,,CD Leganés,UD Salamanca,0:1
LaLiga2,,,,
LaLiga2,Sat2/24/01,CD Tenerife,Recr. Huelva,1:1
LaLiga2,,UE Lleida,Elche CF,1:1
LaLiga2,,SD Eibar,Getafe,0:0
LaLiga2,Sun2/25/01,Sevilla FC,CD Leganés,4:2
LaLiga2,,Atlético Madrid,Real Betis,2:1
LaLiga2,,Córdoba CF,SD Compostela,0:0
LaLiga2,,UD Salamanca,Albacete,1:2
LaLiga2,,Extremadura,Levante,2:1
LaLiga2,,Uni. Las Palmas,Real Jaén CF,0:0
LaLiga2,,Real Murcia,Sporting Gijón,5:0
LaLiga2,,CD Badajoz,Racing Ferrol,1:0
LaLiga2,,,,
LaLiga2,Sat3/3/01,Real Betis,Córdoba CF,1:1
LaLiga2,,Levante,SD Eibar,0:0
LaLiga2,,SD Compostela,Uni. Las Palmas,0:0
LaLiga2,Sun3/4/01,Real Jaén CF,CD Tenerife,0:0
LaLiga2,,Albacete,Sevilla FC,2:1
LaLiga2,,Racing Ferrol,Atlético Madrid,0:2
LaLiga2,,CD Leganés,UE Lleida,0:0
LaLiga2,,Getafe,Real Murcia,4:0
LaLiga2,,Elche CF,CD Badajoz,0:0
LaLiga2,,Sporting Gijón,UD Salamanca,2:0
LaLiga2,,Recr. Huelva,Extremadura,3:1
LaLiga2,,,,
LaLiga2,Sat3/10/01,Sevilla FC,Sporting Gijón,1:1
LaLiga2,,Atlético Madrid,CD Badajoz,2:0
LaLiga2,Sun3/11/01,CD Tenerife,SD Compostela,4:0
LaLiga2,,Uni. Las Palmas,Real Betis,1:1
LaLiga2,,UE Lleida,Albacete,1:2
LaLiga2,,Córdoba CF,Racing Ferrol,0:1
LaLiga2,,UD Salamanca,Getafe,4:2
LaLiga2,,Real Murcia,Levante,2:0
LaLiga2,,CD Leganés,Elche CF,2:0
LaLiga2,,SD Eibar,Recr. Huelva,2:1
LaLiga2,,Extremadura,Real Jaén CF,2:0
LaLiga2,,,,
LaLiga2,Sat3/17/01,Elche CF,Atlético Madrid,2:1
LaLiga2,,CD Badajoz,Córdoba CF,0:0
LaLiga2,Sun3/18/01,Real Betis,CD Tenerife,0:2
LaLiga2,,Getafe,Sevilla FC,0:1
LaLiga2,,Sporting Gijón,UE Lleida,1:2
LaLiga2,,Albacete,CD Leganés,0:0
LaLiga2,,Levante,UD Salamanca,2:0
LaLiga2,,Racing Ferrol,Uni. Las Palmas,1:2
LaLiga2,,SD Compostela,Extremadura,3:2
LaLiga2,,Recr. Huelva,Real Murcia,4:1
LaLiga2,,Real Jaén CF,SD Eibar,1:0
LaLiga2,,,,
LaLiga2,Sat3/24/01,Córdoba CF,Atlético Madrid,1:1
LaLiga2,Sun3/25/01,CD Tenerife,Racing Ferrol,1:1
LaLiga2,,Sevilla FC,Levante,3:2
LaLiga2,,Extremadura,Real Betis,1:0
LaLiga2,,UE Lleida,Getafe,1:2
LaLiga2,,Albacete,Elche CF,2:0
LaLiga2,,Uni. Las Palmas,CD Badajoz,1:1
LaLiga2,,CD Leganés,Sporting Gijón,0:1
LaLiga2,,SD Eibar,SD Compostela,0:0
LaLiga2,,UD Salamanca,Recr. Huelva,0:1
LaLiga2,,Real Murcia,Real Jaén CF,2:2
LaLiga2,,,,
LaLiga2,Sat3/31/01,Atlético Madrid,Uni. Las Palmas,2:0
LaLiga2,,Elche CF,Córdoba CF,1:2
LaLiga2,,Getafe,CD Leganés,0:1
LaLiga2,,Racing Ferrol,Extremadura,1:1
LaLiga2,Sun4/1/01,CD Badajoz,CD Tenerife,1:2
LaLiga2,,Recr. Huelva,Sevilla FC,1:1
LaLiga2,,Real Betis,SD Eibar,1:0
LaLiga2,,Levante,UE Lleida,3:2
LaLiga2,,Sporting Gijón,Albacete,4:2
LaLiga2,,SD Compostela,Real Murcia,2:0
LaLiga2,,Real Jaén CF,UD Salamanca,2:1
LaLiga2,,,,
LaLiga2,Sat4/7/01,Sevilla FC,Real Jaén CF,0:1
LaLiga2,,UE Lleida,Recr. Huelva,0:0
LaLiga2,,Uni. Las Palmas,Córdoba CF,0:2
LaLiga2,Sun4/8/01,CD Tenerife,Atlético Madrid,1:2
LaLiga2,,Real Murcia,Real Betis,1:3
LaLiga2,,Albacete,Getafe,2:1
LaLiga2,,CD Leganés,Levante,1:0
LaLiga2,,Sporting Gijón,Elche CF,2:1
LaLiga2,,UD Salamanca,SD Compostela,1:2
LaLiga2,,SD Eibar,Racing Ferrol,1:1
LaLiga2,,Extremadura,CD Badajoz,1:0
LaLiga2,,,,
LaLiga2,Sat4/14/01,Córdoba CF,CD Tenerife,1:0
LaLiga2,,SD Compostela,Sevilla FC,0:2
LaLiga2,Sun4/15/01,Real Betis,UD Salamanca,2:1
LaLiga2,,Atlético Madrid,Extremadura,2:0
LaLiga2,,Real Jaén CF,UE Lleida,2:1
LaLiga2,,Levante,Albacete,0:0
LaLiga2,,Getafe,Sporting Gijón,3:1
LaLiga2,,Elche CF,Uni. Las Palmas,0:1
LaLiga2,,Recr. Huelva,CD Leganés,1:1
LaLiga2,,Racing Ferrol,Real Murcia,1:1
LaLiga2,,CD Badajoz,SD Eibar,1:0
LaLiga2,,,,
LaLiga2,Sat4/21/01,CD Tenerife,Uni. Las Palmas,2:0
LaLiga2,,CD Leganés,Real Jaén CF,0:0
LaLiga2,Sun4/22/01,Sevilla FC,Real Betis,1:1
LaLiga2,,SD Eibar,Atlético Madrid,2:1
LaLiga2,,UE Lleida,SD Compostela,1:2
LaLiga2,,Extremadura,Córdoba CF,1:0
LaLiga2,,Albacete,Recr. Huelva,0:2
LaLiga2,,Getafe,Elche CF,1:1
LaLiga2,,Sporting Gijón,Levante,1:2
LaLiga2,,UD Salamanca,Racing Ferrol,1:1
LaLiga2,,Real Murcia,CD Badajoz,0:0
LaLiga2,,,,
LaLiga2,Sat4/28/01,Real Betis,UE Lleida,4:1
LaLiga2,,Atlético Madrid,Real Murcia,0:3
LaLiga2,,SD Compostela,CD Leganés,1:1
LaLiga2,,CD Badajoz,UD Salamanca,0:1
LaLiga2,Sun4/29/01,Elche CF,CD Tenerife,0:2
LaLiga2,,Racing Ferrol,Sevilla FC,1:1
LaLiga2,,Córdoba CF,SD Eibar,2:0
LaLiga2,,Real Jaén CF,Albacete,3:0
LaLiga2,,Levante,Getafe,3:3
LaLiga2,,Uni. Las Palmas,Extremadura,1:0
LaLiga2,,Recr. Huelva,Sporting Gijón,1:1
LaLiga2,,,,
LaLiga2,Sat5/5/01,UE Lleida,Racing Ferrol,0:1
LaLiga2,,Getafe,Recr. Huelva,0:1
LaLiga2,,Levante,Elche CF,3:3
LaLiga2,,SD Eibar,Uni. Las Palmas,3:0
LaLiga2,Sun5/6/01,Extremadura,CD Tenerife,1:0
LaLiga2,,Sevilla FC,CD Badajoz,5:2
LaLiga2,,CD Leganés,Real Betis,1:1
LaLiga2,,UD Salamanca,Atlético Madrid,1:3
LaLiga2,,Real Murcia,Córdoba CF,0:0
LaLiga2,,Albacete,SD Compostela,2:0
LaLiga2,,Sporting Gijón,Real Jaén CF,1:0
LaLiga2,,,,
LaLiga2,Sat5/12/01,Atlético Madrid,Sevilla FC,2:0
LaLiga2,Sun5/13/01,CD Tenerife,SD Eibar,0:0
LaLiga2,,Real Betis,Albacete,1:2
LaLiga2,,CD Badajoz,UE Lleida,1:0
LaLiga2,,Córdoba CF,UD Salamanca,1:1
LaLiga2,,Real Jaén CF,Getafe,3:1
LaLiga2,,Recr. Huelva,Levante,1:1
LaLiga2,,Elche CF,Extremadura,3:1
LaLiga2,,Uni. Las Palmas,Real Murcia,2:1
LaLiga2,,SD Compostela,Sporting Gijón,1:2
LaLiga2,,Racing Ferrol,CD Leganés,1:0
LaLiga2,,,,
LaLiga2,Sat5/19/01,Real Murcia,CD Tenerife,0:1
LaLiga2,,Sporting Gijón,Real Betis,1:2
LaLiga2,,Getafe,SD Compostela,0:3
LaLiga2,Sun5/20/01,Sevilla FC,Córdoba CF,2:0
LaLiga2,,UE Lleida,Atlético Madrid,1:1
LaLiga2,,Albacete,Racing Ferrol,1:0
LaLiga2,,Levante,Real Jaén CF,2:2
LaLiga2,,Recr. Huelva,Elche CF,0:0
LaLiga2,,UD Salamanca,Uni. Las Palmas,4:0
LaLiga2,,SD Eibar,Extremadura,0:0
LaLiga2,,CD Leganés,CD Badajoz,0:0
LaLiga2,,,,
LaLiga2,Sat5/26/01,Uni. Las Palmas,Sevilla FC,1:3
LaLiga2,,Real Jaén CF,Recr. Huelva,3:1
LaLiga2,,Elche CF,SD Eibar,2:0
LaLiga2,,Racing Ferrol,Sporting Gijón,2:3
LaLiga2,Sun5/27/01,CD Tenerife,UD Salamanca,1:1
LaLiga2,,Atlético Madrid,CD Leganés,1:0
LaLiga2,,Córdoba CF,UE Lleida,3:0
LaLiga2,,CD Badajoz,Albacete,0:0
LaLiga2,,SD Compostela,Levante,1:1
LaLiga2,,Extremadura,Real Murcia,2:0
LaLiga2,,Real Betis,Getafe,1:0
LaLiga2,,,,
LaLiga2,Sat6/2/01,Levante,Real Betis,3:2
LaLiga2,Sun6/3/01,Sevilla FC,CD Tenerife,1:0
LaLiga2,,Albacete,Atlético Madrid,0:1
LaLiga2,,UE Lleida,Uni. Las Palmas,4:2
LaLiga2,,CD Leganés,Córdoba CF,4:0
LaLiga2,,Recr. Huelva,SD Compostela,2:0
LaLiga2,,Sporting Gijón,CD Badajoz,1:0
LaLiga2,,Real Jaén CF,Elche CF,3:1
LaLiga2,,Getafe,Racing Ferrol,1:2
LaLiga2,,UD Salamanca,Extremadura,1:2
LaLiga2,,Real Murcia,SD Eibar,1:0
LaLiga2,,,,
LaLiga2,Sat6/9/01,Extremadura,Sevilla FC,1:1
LaLiga2,Sun6/10/01,CD Tenerife,UE Lleida,3:2
LaLiga2,,Real Betis,Recr. Huelva,1:0
LaLiga2,,Atlético Madrid,Sporting Gijón,1:0
LaLiga2,,Racing Ferrol,Levante,1:1
LaLiga2,,Córdoba CF,Albacete,1:4
LaLiga2,,SD Eibar,UD Salamanca,1:3
LaLiga2,,CD Badajoz,Getafe,2:2
LaLiga2,,SD Compostela,Real Jaén CF,0:0
LaLiga2,,Real Murcia,Elche CF,0:1
LaLiga2,,Uni. Las Palmas,CD Leganés,2:1
LaLiga2,,,,
LaLiga2,Sat8/25/01,Gimnàstic,Racing,0:0
LaLiga2,,Poli Ejido,Burgos CF,0:1
LaLiga2,,Elche CF,Racing Ferrol,0:0
LaLiga2,,Atlético Madrid,Real Jaén CF,2:0
LaLiga2,Sun8/26/01,Real Oviedo,Extremadura,1:1
LaLiga2,,CD Numancia,UD Salamanca,2:2
LaLiga2,,CD Badajoz,Recr. Huelva,1:0
LaLiga2,,Xerez CD,Sporting Gijón,1:0
LaLiga2,,Córdoba CF,CD Leganés,1:1
LaLiga2,,Real Murcia,SD Eibar,0:0
LaLiga2,,Albacete,Levante,3:0
LaLiga2,,,,
LaLiga2,Sat9/1/01,Racing Ferrol,Real Murcia,2:0
LaLiga2,,SD Eibar,Atlético Madrid,0:3
LaLiga2,Sun9/2/01,CD Leganés,Elche CF,0:0
LaLiga2,,Sporting Gijón,CD Badajoz,3:0
LaLiga2,,Real Jaén CF,Poli Ejido,3:1
LaLiga2,,UD Salamanca,Albacete,2:0
LaLiga2,,Extremadura,Xerez CD,0:1
LaLiga2,,Racing,Real Oviedo,1:1
LaLiga2,,Burgos CF,Gimnàstic,1:0
LaLiga2,,Levante,Córdoba CF,3:1
LaLiga2,,Recr. Huelva,CD Numancia,1:0
LaLiga2,,,,
LaLiga2,Sat9/8/01,Gimnàstic,Real Jaén CF,0:2
LaLiga2,,Elche CF,Levante,2:2
LaLiga2,,Xerez CD,CD Badajoz,2:0
LaLiga2,,Atlético Madrid,Racing Ferrol,1:1
LaLiga2,Sun9/9/01,CD Numancia,Sporting Gijón,3:1
LaLiga2,,Extremadura,Racing,2:0
LaLiga2,,Real Oviedo,Burgos CF,2:0
LaLiga2,,Poli Ejido,SD Eibar,0:0
LaLiga2,,Córdoba CF,UD Salamanca,4:2
LaLiga2,,Real Murcia,CD Leganés,0:0
LaLiga2,,Albacete,Recr. Huelva,0:0
LaLiga2,,,,
LaLiga2,Sat9/15/01,Racing Ferrol,Poli Ejido,2:1
LaLiga2,,Recr. Huelva,Córdoba CF,2:1
LaLiga2,,UD Salamanca,Elche CF,1:0
LaLiga2,Sun9/16/01,CD Leganés,Atlético Madrid,0:3
LaLiga2,,Racing,Xerez CD,1:0
LaLiga2,,Burgos CF,Extremadura,1:0
LaLiga2,,SD Eibar,Gimnàstic,3:1
LaLiga2,,Levante,Real Murcia,0:0
LaLiga2,,Sporting Gijón,Albacete,0:0
LaLiga2,,Real Jaén CF,Real Oviedo,1:3
LaLiga2,,CD Badajoz,CD Numancia,0:0
LaLiga2,,,,
LaLiga2,Sat9/22/01,Extremadura,Real Jaén CF,5:0
LaLiga2,,Atlético Madrid,Levante,2:1
LaLiga2,Sun9/23/01,Xerez CD,CD Numancia,2:1
LaLiga2,,Racing,Burgos CF,0:2
LaLiga2,,Elche CF,Recr. Huelva,1:1
LaLiga2,,Poli Ejido,CD Leganés,1:1
LaLiga2,,Real Oviedo,SD Eibar,1:0
LaLiga2,,Real Murcia,UD Salamanca,3:3
LaLiga2,,Córdoba CF,Sporting Gijón,1:2
LaLiga2,,Albacete,CD Badajoz,2:0
LaLiga2,Wed11/14/01,Gimnàstic,Racing Ferrol,2:0
LaLiga2,,,,
LaLiga2,Sat9/29/01,SD Eibar,Extremadura,0:0
LaLiga2,,CD Leganés,Gimnàstic,2:1
LaLiga2,,Sporting Gijón,Elche CF,0:1
LaLiga2,,CD Badajoz,Córdoba CF,0:1
LaLiga2,,Recr. Huelva,Real Murcia,0:1
LaLiga2,,CD Numancia,Albacete,1:0
LaLiga2,,UD Salamanca,Atlético Madrid,0:0
LaLiga2,,Real Jaén CF,Racing,0:0
LaLiga2,Sun9/30/01,Racing Ferrol,Real Oviedo,0:2
LaLiga2,,Burgos CF,Xerez CD,3:1
LaLiga2,,Levante,Poli Ejido,0:0
LaLiga2,,,,
LaLiga2,Tue10/2/01,Atlético Madrid,Recr. Huelva,1:1
LaLiga2,Wed10/3/01,Burgos CF,Real Jaén CF,0:0
LaLiga2,,Real Oviedo,CD Leganés,0:0
LaLiga2,,Gimnàstic,Levante,1:0
LaLiga2,,Racing,SD Eibar,1:1
LaLiga2,,Extremadura,Racing Ferrol,1:2
LaLiga2,,Poli Ejido,UD Salamanca,2:5
LaLiga2,,Real Murcia,Sporting Gijón,3:1
LaLiga2,,Xerez CD,Albacete,1:2
LaLiga2,,Elche CF,CD Badajoz,1:0
LaLiga2,,Córdoba CF,CD Numancia,1:0
LaLiga2,,,,
LaLiga2,Sat10/6/01,Real Jaén CF,Xerez CD,0:2
LaLiga2,,Levante,Real Oviedo,0:0
LaLiga2,Sun10/7/01,CD Leganés,Extremadura,2:0
LaLiga2,,Sporting Gijón,Atlético Madrid,2:1
LaLiga2,,CD Badajoz,Real Murcia,1:1
LaLiga2,,UD Salamanca,Gimnàstic,3:3
LaLiga2,,SD Eibar,Burgos CF,1:0
LaLiga2,,Racing Ferrol,Racing,2:0
LaLiga2,,CD Numancia,Elche CF,1:1
LaLiga2,,Albacete,Córdoba CF,0:0
LaLiga2,,Recr. Huelva,Poli Ejido,1:0
LaLiga2,,,,
LaLiga2,Sat10/13/01,Racing,CD Leganés,3:1
LaLiga2,,Xerez CD,Córdoba CF,1:0
LaLiga2,Sun10/14/01,Burgos CF,Racing Ferrol,2:4
LaLiga2,,Real Jaén CF,SD Eibar,0:0
LaLiga2,,Extremadura,Levante,1:0
LaLiga2,,Real Oviedo,UD Salamanca,0:0
LaLiga2,,Gimnàstic,Recr. Huelva,1:2
LaLiga2,,Poli Ejido,Sporting Gijón,2:2
LaLiga2,,Atlético Madrid,CD Badajoz,1:0
LaLiga2,,Real Murcia,CD Numancia,1:2
LaLiga2,,Elche CF,Albacete,1:0
LaLiga2,,,,
LaLiga2,Sat10/20/01,Racing Ferrol,Real Jaén CF,0:1
LaLiga2,,CD Leganés,Burgos CF,0:0
LaLiga2,,Córdoba CF,Elche CF,3:0
LaLiga2,Sun10/21/01,CD Numancia,Atlético Madrid,1:2
LaLiga2,,SD Eibar,Xerez CD,2:0
LaLiga2,,CD Badajoz,Poli Ejido,0:1
LaLiga2,,UD Salamanca,Extremadura,0:0
LaLiga2,,Levante,Racing,1:1
LaLiga2,,Recr. Huelva,Real Oviedo,0:2
LaLiga2,,Sporting Gijón,Gimnàstic,1:1
LaLiga2,,Albacete,Real Murcia,1:0
LaLiga2,,,,
LaLiga2,Sat10/27/01,Xerez CD,Elche CF,2:0
LaLiga2,,Atlético Madrid,Albacete,3:2
LaLiga2,,SD Eibar,Racing Ferrol,2:0
LaLiga2,,Poli Ejido,CD Numancia,3:4
LaLiga2,Sun10/28/01,Real Oviedo,Sporting Gijón,0:2
LaLiga2,,Real Murcia,Córdoba CF,1:0
LaLiga2,,Extremadura,Recr. Huelva,0:3
LaLiga2,,Real Jaén CF,CD Leganés,1:0
LaLiga2,,Burgos CF,Levante,0:1
LaLiga2,,Racing,UD Salamanca,2:0
LaLiga2,,Gimnàstic,CD Badajoz,1:1
LaLiga2,,,,
LaLiga2,Sat11/3/01,CD Leganés,SD Eibar,1:0
LaLiga2,,Recr. Huelva,Racing,1:1
LaLiga2,,Córdoba CF,Atlético Madrid,0:2
LaLiga2,,CD Numancia,Gimnàstic,0:0
LaLiga2,,Sporting Gijón,Extremadura,1:1
LaLiga2,,Albacete,Poli Ejido,2:1
LaLiga2,Sun11/4/01,Racing Ferrol,Xerez CD,2:2
LaLiga2,,Levante,Real Jaén CF,0:1
LaLiga2,,UD Salamanca,Burgos CF,0:1
LaLiga2,,CD Badajoz,Real Oviedo,1:0
LaLiga2,,Elche CF,Real Murcia,1:1
LaLiga2,,,,
LaLiga2,Tue11/6/01,Poli Ejido,Córdoba CF,1:1
LaLiga2,Wed11/7/01,SD Eibar,Levante,7:0
LaLiga2,,Burgos CF,Recr. Huelva,1:3
LaLiga2,,Real Oviedo,CD Numancia,0:0
LaLiga2,,Gimnàstic,Albacete,0:1
LaLiga2,,Racing,Sporting Gijón,2:1
LaLiga2,,Real Jaén CF,UD Salamanca,0:1
LaLiga2,,Extremadura,CD Badajoz,0:4
LaLiga2,,Atlético Madrid,Elche CF,4:0
LaLiga2,,Xerez CD,Real Murcia,3:1
LaLiga2,Thu11/8/01,Racing Ferrol,CD Leganés,3:0
LaLiga2,,,,
LaLiga2,Sat11/10/01,Sporting Gijón,Burgos CF,0:1
LaLiga2,Sun11/11/01,CD Leganés,Xerez CD,0:1
LaLiga2,,Levante,Racing Ferrol,3:1
LaLiga2,,UD Salamanca,SD Eibar,1:0
LaLiga2,,Recr. Huelva,Real Jaén CF,0:3
LaLiga2,,CD Badajoz,Racing,3:2
LaLiga2,,CD Numancia,Extremadura,0:0
LaLiga2,,Albacete,Real Oviedo,1:1
LaLiga2,,Córdoba CF,Gimnàstic,1:1
LaLiga2,,Elche CF,Poli Ejido,2:0
LaLiga2,,Real Murcia,Atlético Madrid,3:1
LaLiga2,,,,
LaLiga2,Sat11/17/01,Real Jaén CF,Sporting Gijón,3:3
LaLiga2,,Racing,CD Numancia,4:0
LaLiga2,Sun11/18/01,CD Leganés,Levante,2:1
LaLiga2,,Xerez CD,Atlético Madrid,0:1
LaLiga2,,Racing Ferrol,UD Salamanca,3:1
LaLiga2,,SD Eibar,Recr. Huelva,1:1
LaLiga2,,Burgos CF,CD Badajoz,0:1
LaLiga2,,Extremadura,Albacete,0:0
LaLiga2,,Real Oviedo,Córdoba CF,3:1
LaLiga2,,Gimnàstic,Elche CF,1:2
LaLiga2,,Poli Ejido,Real Murcia,0:0
LaLiga2,,,,
LaLiga2,Sat11/24/01,Córdoba CF,Extremadura,2:0
LaLiga2,,Atlético Madrid,Poli Ejido,1:0
LaLiga2,,Recr. Huelva,Racing Ferrol,1:0
LaLiga2,,Elche CF,Real Oviedo,2:0
LaLiga2,Sun11/25/01,Levante,Xerez CD,0:1
LaLiga2,,UD Salamanca,CD Leganés,1:0
LaLiga2,,Sporting Gijón,SD Eibar,1:0
LaLiga2,,CD Badajoz,Real Jaén CF,1:0
LaLiga2,,CD Numancia,Burgos CF,1:5
LaLiga2,,Albacete,Racing,0:1
LaLiga2,,Real Murcia,Gimnàstic,0:2
LaLiga2,,,,
LaLiga2,Sat12/1/01,Xerez CD,Poli Ejido,2:1
LaLiga2,,Real Jaén CF,CD Numancia,1:2
LaLiga2,Sun12/2/01,CD Leganés,Recr. Huelva,0:0
LaLiga2,,Burgos CF,Albacete,0:0
LaLiga2,,Levante,UD Salamanca,2:2
LaLiga2,,Racing Ferrol,Sporting Gijón,1:2
LaLiga2,,SD Eibar,CD Badajoz,0:1
LaLiga2,,Racing,Córdoba CF,2:0
LaLiga2,,Extremadura,Elche CF,1:0
LaLiga2,,Real Oviedo,Real Murcia,2:0
LaLiga2,,Gimnàstic,Atlético Madrid,1:2
LaLiga2,,,,
LaLiga2,Sat12/8/01,Córdoba CF,Burgos CF,1:1
LaLiga2,,Elche CF,Racing,1:1
LaLiga2,Sun12/9/01,Atlético Madrid,Real Oviedo,0:0
LaLiga2,,UD Salamanca,Xerez CD,1:1
LaLiga2,,Recr. Huelva,Levante,0:0
LaLiga2,,Sporting Gijón,CD Leganés,1:1
LaLiga2,,CD Badajoz,Racing Ferrol,2:1
LaLiga2,,CD Numancia,SD Eibar,1:1
LaLiga2,,Albacete,Real Jaén CF,4:0
LaLiga2,,Real Murcia,Extremadura,2:1
LaLiga2,,Poli Ejido,Gimnàstic,1:0
LaLiga2,,,,
LaLiga2,Sat12/15/01,Levante,Sporting Gijón,4:3
LaLiga2,,Xerez CD,Gimnàstic,2:1
LaLiga2,Sun12/16/01,CD Leganés,CD Badajoz,1:0
LaLiga2,,Racing,Real Murcia,1:0
LaLiga2,,UD Salamanca,Recr. Huelva,2:3
LaLiga2,,Racing Ferrol,CD Numancia,2:1
LaLiga2,,SD Eibar,Albacete,1:0
LaLiga2,,Real Jaén CF,Córdoba CF,1:2
LaLiga2,,Burgos CF,Elche CF,0:0
LaLiga2,,Extremadura,Atlético Madrid,2:0
LaLiga2,,Real Oviedo,Poli Ejido,1:1
LaLiga2,,,,
LaLiga2,Sat12/22/01,Elche CF,Real Jaén CF,1:3
LaLiga2,,CD Numancia,CD Leganés,1:0
LaLiga2,,Real Murcia,Burgos CF,1:2
LaLiga2,,Albacete,Racing Ferrol,2:1
LaLiga2,,Atlético Madrid,Racing,2:0
LaLiga2,,Poli Ejido,Extremadura,0:0
LaLiga2,Sun12/23/01,Xerez CD,Recr. Huelva,0:0
LaLiga2,,Sporting Gijón,UD Salamanca,1:1
LaLiga2,,CD Badajoz,Levante,2:2
LaLiga2,,Córdoba CF,SD Eibar,0:2
LaLiga2,,Gimnàstic,Real Oviedo,1:0
LaLiga2,,,,
LaLiga2,Sat1/5/02,Racing,Poli Ejido,2:1
LaLiga2,,Real Oviedo,Xerez CD,1:0
LaLiga2,Sun1/6/02,CD Leganés,Albacete,1:2
LaLiga2,,Burgos CF,Atlético Madrid,0:4
LaLiga2,,Recr. Huelva,Sporting Gijón,0:0
LaLiga2,,UD Salamanca,CD Badajoz,2:2
LaLiga2,,Levante,CD Numancia,0:1
LaLiga2,,Racing Ferrol,Córdoba CF,1:3
LaLiga2,,SD Eibar,Elche CF,3:1
LaLiga2,,Real Jaén CF,Real Murcia,0:0
LaLiga2,,Extremadura,Gimnàstic,1:0
LaLiga2,,,,
LaLiga2,Sat1/12/02,Racing Ferrol,Elche CF,1:0
LaLiga2,,Recr. Huelva,CD Badajoz,2:0
LaLiga2,Sun1/13/02,Extremadura,Real Oviedo,1:1
LaLiga2,,CD Leganés,Córdoba CF,1:1
LaLiga2,,Racing,Gimnàstic,3:0
LaLiga2,,Burgos CF,Poli Ejido,2:0
LaLiga2,,Real Jaén CF,Atlético Madrid,1:0
LaLiga2,,SD Eibar,Real Murcia,0:1
LaLiga2,,Levante,Albacete,1:1
LaLiga2,,UD Salamanca,CD Numancia,2:0
LaLiga2,,Sporting Gijón,Xerez CD,0:1
LaLiga2,,,,
LaLiga2,Sat1/19/02,Atlético Madrid,SD Eibar,1:0
LaLiga2,,Xerez CD,Extremadura,1:2
LaLiga2,,Gimnàstic,Burgos CF,0:0
LaLiga2,Sun1/20/02,Real Oviedo,Racing,0:0
LaLiga2,,Poli Ejido,Real Jaén CF,1:0
LaLiga2,,Real Murcia,Racing Ferrol,1:2
LaLiga2,,Elche CF,CD Leganés,1:0
LaLiga2,,Córdoba CF,Levante,3:1
LaLiga2,,Albacete,UD Salamanca,0:1
LaLiga2,,CD Numancia,Recr. Huelva,0:0
LaLiga2,,CD Badajoz,Sporting Gijón,1:2
LaLiga2,,,,
LaLiga2,Sat1/26/02,Racing Ferrol,Atlético Madrid,1:1
LaLiga2,,Levante,Elche CF,1:1
LaLiga2,Sun1/27/02,CD Leganés,Real Murcia,0:0
LaLiga2,,Recr. Huelva,Albacete,3:1
LaLiga2,,Racing,Extremadura,1:1
LaLiga2,,Burgos CF,Real Oviedo,1:1
LaLiga2,,Real Jaén CF,Gimnàstic,0:1
LaLiga2,,SD Eibar,Poli Ejido,4:2
LaLiga2,,UD Salamanca,Córdoba CF,0:0
LaLiga2,,Sporting Gijón,CD Numancia,2:1
LaLiga2,,CD Badajoz,Xerez CD,1:0
LaLiga2,,,,
LaLiga2,Sat2/2/02,Elche CF,UD Salamanca,4:1
LaLiga2,,Atlético Madrid,CD Leganés,0:2
LaLiga2,,Córdoba CF,Recr. Huelva,0:0
LaLiga2,,Extremadura,Burgos CF,2:0
LaLiga2,,CD Numancia,CD Badajoz,1:2
LaLiga2,,Real Oviedo,Real Jaén CF,0:0
LaLiga2,,Real Murcia,Levante,0:1
LaLiga2,Sun2/3/02,Xerez CD,Racing,2:1
LaLiga2,,Gimnàstic,SD Eibar,1:0
LaLiga2,,Poli Ejido,Racing Ferrol,3:0
LaLiga2,,Albacete,Sporting Gijón,1:2
LaLiga2,,,,
LaLiga2,Wed2/6/02,Burgos CF,Racing,0:0
LaLiga2,,SD Eibar,Real Oviedo,1:1
LaLiga2,,Racing Ferrol,Gimnàstic,1:2
LaLiga2,,CD Leganés,Poli Ejido,2:0
LaLiga2,,CD Numancia,Xerez CD,1:1
LaLiga2,,UD Salamanca,Real Murcia,0:0
LaLiga2,,Sporting Gijón,Córdoba CF,3:0
LaLiga2,,Real Jaén CF,Extremadura,1:0
LaLiga2,,Recr. Huelva,Elche CF,1:0
LaLiga2,,CD Badajoz,Albacete,2:3
LaLiga2,Thu2/7/02,Levante,Atlético Madrid,2:4
LaLiga2,,,,
LaLiga2,Sat2/9/02,Racing,Real Jaén CF,2:0
LaLiga2,,Real Oviedo,Racing Ferrol,2:1
LaLiga2,Sun2/10/02,Elche CF,Sporting Gijón,1:0
LaLiga2,,Xerez CD,Burgos CF,1:0
LaLiga2,,Extremadura,SD Eibar,0:1
LaLiga2,,Gimnàstic,CD Leganés,0:1
LaLiga2,,Poli Ejido,Levante,1:0
LaLiga2,,Atlético Madrid,UD Salamanca,2:1
LaLiga2,,Real Murcia,Recr. Huelva,2:0
LaLiga2,,Córdoba CF,CD Badajoz,1:2
LaLiga2,,Albacete,CD Numancia,3:1
LaLiga2,,,,
LaLiga2,Sat2/16/02,Recr. Huelva,Atlético Madrid,1:3
LaLiga2,,Real Jaén CF,Burgos CF,0:0
LaLiga2,,CD Leganés,Real Oviedo,1:3
LaLiga2,,Levante,Gimnàstic,2:2
LaLiga2,Sun2/17/02,SD Eibar,Racing,2:2
LaLiga2,,Racing Ferrol,Extremadura,2:0
LaLiga2,,UD Salamanca,Poli Ejido,0:2
LaLiga2,,Sporting Gijón,Real Murcia,0:1
LaLiga2,,CD Badajoz,Elche CF,1:3
LaLiga2,,CD Numancia,Córdoba CF,0:2
LaLiga2,,Albacete,Xerez CD,3:0
LaLiga2,,,,
LaLiga2,Sat2/23/02,Burgos CF,SD Eibar,0:0
LaLiga2,,Poli Ejido,Recr. Huelva,0:0
LaLiga2,Sun2/24/02,Atlético Madrid,Sporting Gijón,0:1
LaLiga2,,Xerez CD,Real Jaén CF,1:0
LaLiga2,,Racing,Racing Ferrol,0:1
LaLiga2,,Extremadura,CD Leganés,2:1
LaLiga2,,Real Oviedo,Levante,1:1
LaLiga2,,Gimnàstic,UD Salamanca,2:2
LaLiga2,,Elche CF,CD Numancia,1:1
LaLiga2,,Córdoba CF,Albacete,3:1
LaLiga2,,Real Murcia,CD Badajoz,1:1
LaLiga2,,,,
LaLiga2,Sat3/2/02,CD Leganés,Racing,1:4
LaLiga2,,Recr. Huelva,Gimnàstic,1:0
LaLiga2,Sun3/3/02,Córdoba CF,Xerez CD,0:0
LaLiga2,,SD Eibar,Real Jaén CF,1:1
LaLiga2,,Racing Ferrol,Burgos CF,3:0
LaLiga2,,Levante,Extremadura,1:0
LaLiga2,,UD Salamanca,Real Oviedo,3:0
LaLiga2,,Sporting Gijón,Poli Ejido,1:1
LaLiga2,,CD Badajoz,Atlético Madrid,0:1
LaLiga2,,CD Numancia,Real Murcia,1:0
LaLiga2,,Albacete,Elche CF,0:2
LaLiga2,,,,
LaLiga2,Sat3/9/02,Atlético Madrid,CD Numancia,2:2
LaLiga2,Sun3/10/02,Gimnàstic,Sporting Gijón,1:1
LaLiga2,,Real Jaén CF,Racing Ferrol,1:4
LaLiga2,,Burgos CF,CD Leganés,0:0
LaLiga2,,Racing,Levante,4:2
LaLiga2,,Extremadura,UD Salamanca,0:1
LaLiga2,,Real Oviedo,Recr. Huelva,1:1
LaLiga2,,Poli Ejido,CD Badajoz,1:0
LaLiga2,,Real Murcia,Albacete,0:0
LaLiga2,,Elche CF,Córdoba CF,2:3
LaLiga2,,Xerez CD,SD Eibar,1:0
LaLiga2,,,,
LaLiga2,Sat3/16/02,Albacete,Atlético Madrid,2:1
LaLiga2,Sun3/17/02,CD Leganés,Real Jaén CF,2:0
LaLiga2,,Levante,Burgos CF,0:0
LaLiga2,,Recr. Huelva,Extremadura,3:2
LaLiga2,,Racing Ferrol,SD Eibar,1:1
LaLiga2,,UD Salamanca,Racing,1:2
LaLiga2,,Sporting Gijón,Real Oviedo,0:0
LaLiga2,,CD Badajoz,Gimnàstic,2:1
LaLiga2,,CD Numancia,Poli Ejido,3:0
LaLiga2,,Córdoba CF,Real Murcia,2:1
LaLiga2,,Elche CF,Xerez CD,4:0
LaLiga2,,,,
LaLiga2,Sat3/23/02,Atlético Madrid,Córdoba CF,0:0
LaLiga2,,Xerez CD,Racing Ferrol,2:1
LaLiga2,,SD Eibar,CD Leganés,0:0
LaLiga2,,Gimnàstic,CD Numancia,3:1
LaLiga2,Sun3/24/02,Racing,Recr. Huelva,1:5
LaLiga2,,Real Jaén CF,Levante,0:1
LaLiga2,,Burgos CF,UD Salamanca,0:0
LaLiga2,,Extremadura,Sporting Gijón,1:2
LaLiga2,,Real Oviedo,CD Badajoz,1:0
LaLiga2,,Poli Ejido,Albacete,2:0
LaLiga2,,Real Murcia,Elche CF,2:1
LaLiga2,,,,
LaLiga2,Sat3/30/02,Elche CF,Atlético Madrid,5:1
LaLiga2,,CD Numancia,Real Oviedo,1:2
LaLiga2,,CD Leganés,Racing Ferrol,2:2
LaLiga2,,Albacete,Gimnàstic,1:0
LaLiga2,,Córdoba CF,Poli Ejido,0:1
LaLiga2,Sun3/31/02,Real Murcia,Xerez CD,0:0
LaLiga2,,Levante,SD Eibar,0:0
LaLiga2,,UD Salamanca,Real Jaén CF,0:1
LaLiga2,,Sporting Gijón,Racing,1:1
LaLiga2,,CD Badajoz,Extremadura,2:2
LaLiga2,,Recr. Huelva,Burgos CF,0:1
LaLiga2,,,,
LaLiga2,Sat4/6/02,Atlético Madrid,Real Murcia,4:2
LaLiga2,,Xerez CD,CD Leganés,3:3
LaLiga2,Sun4/7/02,Real Jaén CF,Recr. Huelva,1:1
LaLiga2,,Racing Ferrol,Levante,1:2
LaLiga2,,SD Eibar,UD Salamanca,0:1
LaLiga2,,Burgos CF,Sporting Gijón,0:0
LaLiga2,,Racing,CD Badajoz,3:0
LaLiga2,,Extremadura,CD Numancia,0:2
LaLiga2,,Real Oviedo,Albacete,0:0
LaLiga2,,Gimnàstic,Córdoba CF,1:0
LaLiga2,,Poli Ejido,Elche CF,0:0
LaLiga2,,,,
LaLiga2,Sat4/13/02,Levante,CD Leganés,1:2
LaLiga2,,Recr. Huelva,SD Eibar,1:0
LaLiga2,Sun4/14/02,Atlético Madrid,Xerez CD,0:0
LaLiga2,,Sporting Gijón,Real Jaén CF,3:2
LaLiga2,,UD Salamanca,Racing Ferrol,3:1
LaLiga2,,CD Badajoz,Burgos CF,2:3
LaLiga2,,CD Numancia,Racing,0:1
LaLiga2,,Albacete,Extremadura,1:1
LaLiga2,,Córdoba CF,Real Oviedo,0:1
LaLiga2,,Elche CF,Gimnàstic,1:0
LaLiga2,,Real Murcia,Poli Ejido,0:1
LaLiga2,,,,
LaLiga2,Sat4/20/02,Poli Ejido,Atlético Madrid,1:2
LaLiga2,,Xerez CD,Levante,0:1
LaLiga2,Sun4/21/02,CD Leganés,UD Salamanca,3:1
LaLiga2,,Racing,Albacete,3:1
LaLiga2,,Real Oviedo,Elche CF,3:6
LaLiga2,,Racing Ferrol,Recr. Huelva,1:1
LaLiga2,,SD Eibar,Sporting Gijón,2:0
LaLiga2,,Real Jaén CF,CD Badajoz,0:1
LaLiga2,,Burgos CF,CD Numancia,1:1
LaLiga2,,Extremadura,Córdoba CF,3:2
LaLiga2,,Gimnàstic,Real Murcia,1:1
LaLiga2,,,,
LaLiga2,Sat4/27/02,Elche CF,Extremadura,0:0
LaLiga2,,Atlético Madrid,Gimnàstic,3:3
LaLiga2,,Poli Ejido,Xerez CD,1:1
LaLiga2,Sun4/28/02,Córdoba CF,Racing,0:4
LaLiga2,,UD Salamanca,Levante,0:1
LaLiga2,,Recr. Huelva,CD Leganés,1:2
LaLiga2,,Sporting Gijón,Racing Ferrol,5:3
LaLiga2,,CD Badajoz,SD Eibar,0:1
LaLiga2,,CD Numancia,Real Jaén CF,1:0
LaLiga2,,Albacete,Burgos CF,2:1
LaLiga2,,Real Murcia,Real Oviedo,1:1
LaLiga2,,,,
LaLiga2,Sat5/4/02,CD Leganés,Sporting Gijón,0:2
LaLiga2,,SD Eibar,CD Numancia,2:0
LaLiga2,,Gimnàstic,Poli Ejido,2:2
LaLiga2,,Xerez CD,UD Salamanca,0:2
LaLiga2,,Real Jaén CF,Albacete,1:0
LaLiga2,,Racing Ferrol,CD Badajoz,1:0
LaLiga2,,Extremadura,Real Murcia,0:2
LaLiga2,Sun5/5/02,Real Oviedo,Atlético Madrid,2:3
LaLiga2,,Levante,Recr. Huelva,0:1
LaLiga2,,Burgos CF,Córdoba CF,0:1
LaLiga2,,Racing,Elche CF,0:0
LaLiga2,,,,
LaLiga2,Sat5/11/02,Sporting Gijón,Levante,0:1
LaLiga2,,Córdoba CF,Real Jaén CF,2:1
LaLiga2,,Gimnàstic,Xerez CD,2:1
LaLiga2,,Recr. Huelva,UD Salamanca,2:0
LaLiga2,,Atlético Madrid,Extremadura,3:2
LaLiga2,Sun5/12/02,Albacete,SD Eibar,0:0
LaLiga2,,CD Badajoz,CD Leganés,3:2
LaLiga2,,CD Numancia,Racing Ferrol,4:0
LaLiga2,,Elche CF,Burgos CF,2:0
LaLiga2,,Poli Ejido,Real Oviedo,3:0
LaLiga2,,Real Murcia,Racing,0:0
LaLiga2,,,,
LaLiga2,Sat5/18/02,Racing Ferrol,Albacete,2:0
LaLiga2,Sun5/19/02,UD Salamanca,Sporting Gijón,1:2
LaLiga2,,SD Eibar,Córdoba CF,2:1
LaLiga2,,Recr. Huelva,Xerez CD,2:1
LaLiga2,,Levante,CD Badajoz,0:1
LaLiga2,,CD Leganés,CD Numancia,0:1
LaLiga2,,Real Jaén CF,Elche CF,0:1
LaLiga2,,Burgos CF,Real Murcia,0:1
LaLiga2,,Racing,Atlético Madrid,1:0
LaLiga2,,Extremadura,Poli Ejido,1:1
LaLiga2,,Real Oviedo,Gimnàstic,0:2
